,LinearRegression,Ridge,Lasso,ElasticNet
investment_GDP,1.1135575608686064,1.113158984060555,0.11953326857060165,0.4154095023159565
exports_GDP,0.6237770783454379,0.623510026031083,0.0,0.03893114120089453
inflation,-0.6615089910128217,-0.6612147648898111,-0.0,-0.11996682465113598
population,0.6816135574567905,0.6812371555607971,0.0,0.0
oil_price,0.5763597544978146,0.5759592289395352,0.0,0.0
fed_rate,0.6938411666269946,0.6935993511542717,0.0,0.18758730591726436
